<beans:beans xmlns="http://www.springframework.org/schema/security"
             xmlns:beans="http://www.springframework.org/schema/beans"
             xmlns:xsi="http://www.w3.org/2001/XMLSchema-instance"
             xsi:schemaLocation="http://www.springframework.org/schema/beans
    http://www.springframework.org/schema/beans/spring-beans.xsd
    http://www.springframework.org/schema/security
    http://www.springframework.org/schema/security/spring-security.xsd">


    <http auto-config="true">
        <csrf disabled="true" />
        <intercept-url pattern="/getForm" access="hasAnyRole('ROLE_ADMIN','ROLE_USER')" />
       <intercept-url pattern="/updateProduct" access="hasRole('ROLE_ADMIN')" />
        <intercept-url pattern="/delete/{id}" access="hasRole('ROLE_ADMIN')" />
        <intercept-url pattern="/getForm" access="hasRole('ROLE_USER')" />
        <intercept-url pattern="/user" access="hasRole('ROLE_USER')"/>
<!--    <intercept-url pattern="/list" access="hasRole('ROLE_USER')" />-->


        <form-login login-page="/signin" default-target-url="/listofProduct"
                    authentication-failure-url="/loginError"
                    authentication-success-handler-ref="customHandlerSuccess"
                    login-processing-url="/login"
                    username-parameter="adminName"
                    password-parameter="adminPassword"/>
        <logout logout-url="/signOut" logout-success-url="/logOut"
                invalidate-session="true"/>

    </http>


    <authentication-manager>
        <authentication-provider>
            <password-encoder hash="bcrypt"/>
            <jdbc-user-service data-source-ref="driverManagerDataSource"
                               users-by-username-query="select userName,concat(password),1 from Admin where userName=?"

                               authorities-by-username-query="select userName,role from Admin where userName=?"/>
        </authentication-provider>
    </authentication-manager>

    <beans:import resource="spring-servlet.xml"/>

<beans:bean class="com.sky.handler.CustomHandlerSuccess" id="customHandlerSuccess">
    <beans:property name="productServiceImp" ref="productServiceImp"/>
</beans:bean>




<!--    <beans:bean id="customSuccessHandler" class="com.springsecurity.Handler.CustomSuccessHandler">-->
<!--        <beans:property name="userService" ref="userService"/>-->
<!--    </beans:bean>-->



<!--    <authentication-manager>-->
<!--        <authentication-provider>-->
<!--            <user-service>-->
<!--                <user name="gajanand" password="{noop}1234" authorities="ROLE_ADMIN" />-->
<!--                <user name="patil" password="{noop}1234" authorities="ROLE_USER" />-->
<!--            </user-service>-->
<!--        </authentication-provider>-->
<!--    </authentication-manager>-->


</beans:beans>