<?xml version="1.0" encoding="UTF-8"?>
<beans xmlns="http://www.springframework.org/schema/beans"
       xmlns:xsi="http://www.w3.org/2001/XMLSchema-instance"
       xmlns:context="http://www.springframework.org/schema/context"
       xmlns:mvc="http://www.springframework.org/schema/mvc"
       xsi:schemaLocation="http://www.springframework.org/schema/beans http://www.springframework.org/schema/beans/spring-beans.xsd http://www.springframework.org/schema/context https://www.springframework.org/schema/context/spring-context.xsd http://www.springframework.org/schema/mvc https://www.springframework.org/schema/mvc/spring-mvc.xsd">
    <context:component-scan base-package="com.sky"/>

    <bean id="internalViewResolver" class="org.springframework.web.servlet.view.InternalResourceViewResolver">
        <property name="prefix" value="/WEB-INF/view/"/>
        <property name="suffix" value=".jsp"/>
    </bean>

    <bean id="driverManagerDataSource" class="org.springframework.jdbc.datasource.DriverManagerDataSource">
        <property name="driverClassName" value="com.mysql.cj.jdbc.Driver"/>
        <property name="url" value="jdbc:mysql://localhost:3306/data"/>
        <property name="username" value="root"/>
        <property name="password" value="root"/>
    </bean>

    <bean class="org.springframework.jdbc.core.JdbcTemplate" id="jdbcTemplate">
        <property name="dataSource" ref="driverManagerDataSource"/>
    </bean>
    
    <bean class="com.sky.dao.imp.ProductDaoImp" id="daoImp">
        <property name="jdbcTemplate" ref="jdbcTemplate"/>
    </bean>

    <bean id="productServiceImp" class="com.sky.service.imp.ProductServiceImp">
        <property name="productDaoImp" ref="daoImp"/>
    </bean>


    <bean class="com.sky.validator.ProductValidator" id="productValidator"/>

    <bean class="org.springframework.web.client.RestTemplate" id="restTemplate"/>

    <bean class="com.sky.restweb.RestWebServiceImp" id="restWebServicesImp">
        <property name="restTemplate" ref="restTemplate"/>
    </bean>

<!--    <bean class="com.sky.dao.AdminDao" id="adminDao" abstract="true"/>-->

<mvc:interceptors>
    <mvc:interceptor>
        <mvc:mapping path="/**"/>
        <bean class="com.sky.handler.CustomInterceptorHandler"/>
    </mvc:interceptor>
</mvc:interceptors>


</beans>